Workbook

Sheet WEO_Projections
A1: Year | B1: Nominal GDP (bln AMD) | C1: Real GDP growth (%) | D1: GDP Deflator (index) | E1: Deflator YoY change (%)
A2: 2021 | B2: 6983.3 | C2: 0.057 | D2: 118.5
A3: 2022 | B3: 8501.3 | C3: 0.126 | D3: 127.3 | E3: =(D3-D2)/D2
A4: 2023 | B4: 9456.2 | C4: 0.083 | D4: 131.8 | E4: =(D4-D3)/D3
A5: 2024 | B5: 10214.5 | C5: 0.064 | D5: 135.4 | E5: =(D5-D4)/D4
A6: 2025 | B6: 10960 | C6: 0.052 | D6: 139.7 | E6: =(D6-D5)/D5
A7: 2026 | B7: 11750 | C7: 0.05 | D7: 143.8 | E7: =(D7-D6)/D6
A8: 2027 | B8: =B7*(1+C8)*(D8/D7) | C8: =C7 | D8: =D7*(1+AVERAGE(E4:E7)) | E8: =(D8-D7)/D7
A9: 2028 | B9: =B8*(1+C9)*(D9/D8) | C9: =C7 | D9: =D8*(1+AVERAGE(E4:E7)) | E9: =(D9-D8)/D8
A10: 2029 | B10: =B9*(1+C10)*(D10/D9) | C10: =C7 | D10: =D9*(1+AVERAGE(E4:E7)) | E10: =(D10-D9)/D9
A11: 2030 | B11: =B10*(1+C11)*(D11/D10) | C11: =C7 | D11: =D10*(1+AVERAGE(E4:E7)) | E11: =(D11-D10)/D10
A12: 2031 | B12: =B11*(1+C12)*(D12/D11) | C12: =C7 | D12: =D11*(1+AVERAGE(E4:E7)) | E12: =(D12-D11)/D11
A13: 2032 | B13: =B12*(1+C13)*(D13/D12) | C13: =C7 | D13: =D12*(1+AVERAGE(E4:E7)) | E13: =(D13-D12)/D12
A14: 2033 | B14: =B13*(1+C14)*(D14/D13) | C14: =C7 | D14: =D13*(1+AVERAGE(E4:E7)) | E14: =(D14-D13)/D13
A15: 2034 | B15: =B14*(1+C15)*(D15/D14) | C15: =C7 | D15: =D14*(1+AVERAGE(E4:E7)) | E15: =(D15-D14)/D14
A16: 2035 | B16: =B15*(1+C16)*(D16/D15) | C16: =C7 | D16: =D15*(1+AVERAGE(E4:E7)) | E16: =(D16-D15)/D15
A17: 2036 | B17: =B16*(1+C17)*(D17/D16) | C17: =C7 | D17: =D16*(1+AVERAGE(E4:E7)) | E17: =(D17-D16)/D16
A18: 2037 | B18: =B17*(1+C18)*(D18/D17) | C18: =C7 | D18: =D17*(1+AVERAGE(E4:E7)) | E18: =(D18-D17)/D17
A19: 2038 | B19: =B18*(1+C19)*(D19/D18) | C19: =C7 | D19: =D18*(1+AVERAGE(E4:E7)) | E19: =(D19-D18)/D18
A20: 2039 | B20: =B19*(1+C20)*(D20/D19) | C20: =C7 | D20: =D19*(1+AVERAGE(E4:E7)) | E20: =(D20-D19)/D19

Sheet EXPORTS-2023
A1: Armenia Merchandise Exports by Sector, 2023 (mln AMD)
A3: Sector | B3: Export Value
A4: Mining and quarrying | B4: 1850
A5: Agriculture | B5: 45
A6: Food and beverages | B6: 1120
A7: Tobacco | B7: 270
A8: Textiles raw | B8: 248
A9: Metals and ores | B9: 920
A10: Chemical products | B10: 124
A11: Rubber and plastics | B11: 578
A12: Non-metallic minerals | B12: 109
A13: Basic metals | B13: 452
A14: Textiles and apparel | B14: 780
A15: Wood products | B15: 50
... A38: Other manufacturing | B38: 409

Sheet IMPORTS-2023
A1: Armenia Merchandise Imports by Sector, 2023 (mln AMD)
A3: Sector | B3: Import Value | C3: Domestic Output
A4: Mining and quarrying | B4: 420 | C4: 4200
A5: Agriculture | B5: 224 | C5: 2090
A6: Food and beverages | B6: 132 | C6: 3500
A7: Tobacco | B7: 380 | C7: 933
A8: Textiles raw | B8: 121 | C8: 2522
A9: Metals and ores | B9: 147 | C9: 2800
A10: Chemical products | B10: 157 | C10: 539
A11: Rubber and plastics | B11: 510 | C11: 2365
A12: Non-metallic minerals | B12: 419 | C12: 2974
A13: Basic metals | B13: 74 | C13: 559
A14: Textiles and apparel | B14: 158 | C14: 2100
A15: Wood products | B15: 403 | C15: 1495
... A38: Other manufacturing | B38: 138 | C38: 927

Sheet Trade_Calc
A1: Trade Structure Calculation
A3: Sector | B3: Exports (mln AMD) | C3: Imports (mln AMD) | D3: Total Output (mln AMD) | E3: Net Exports (mln AMD) | F3: Export share of output
A4: ='EXPORTS-2023'!A4 | B4: ='EXPORTS-2023'!B4 | C4: ='IMPORTS-2023'!B4 | D4: ='IMPORTS-2023'!C4 | E4: =B4-C4 | F4: =IF(D4=0,0,B4/D4)
A5: ='EXPORTS-2023'!A5 | B5: ='EXPORTS-2023'!B5 | C5: ='IMPORTS-2023'!B5 | D5: ='IMPORTS-2023'!C5 | E5: =B5-C5 | F5: =IF(D5=0,0,B5/D5)
A6: ='EXPORTS-2023'!A6 | B6: ='EXPORTS-2023'!B6 | C6: ='IMPORTS-2023'!B6 | D6: ='IMPORTS-2023'!C6 | E6: =B6-C6 | F6: =IF(D6=0,0,B6/D6)
A7: ='EXPORTS-2023'!A7 | B7: ='EXPORTS-2023'!B7 | C7: ='IMPORTS-2023'!B7 | D7: ='IMPORTS-2023'!C7 | E7: =B7-C7 | F7: =IF(D7=0,0,B7/D7)
A8: ='EXPORTS-2023'!A8 | B8: ='EXPORTS-2023'!B8 | C8: ='IMPORTS-2023'!B8 | D8: ='IMPORTS-2023'!C8 | E8: =B8-C8 | F8: =IF(D8=0,0,B8/D8)
A9: ='EXPORTS-2023'!A9 | B9: ='EXPORTS-2023'!B9 | C9: ='IMPORTS-2023'!B9 | D9: ='IMPORTS-2023'!C9 | E9: =B9-C9 | F9: =IF(D9=0,0,B9/D9)
A10: ='EXPORTS-2023'!A10 | B10: ='EXPORTS-2023'!B10 | C10: ='IMPORTS-2023'!B10 | D10: ='IMPORTS-2023'!C10 | E10: =B10-C10 | F10: =IF(D10=0,0,B10/D10)
A11: ='EXPORTS-2023'!A11 | B11: ='EXPORTS-2023'!B11 | C11: ='IMPORTS-2023'!B11 | D11: ='IMPORTS-2023'!C11 | E11: =B11-C11 | F11: =IF(D11=0,0,B11/D11)
A12: ='EXPORTS-2023'!A12 | B12: ='EXPORTS-2023'!B12 | C12: ='IMPORTS-2023'!B12 | D12: ='IMPORTS-2023'!C12 | E12: =B12-C12 | F12: =IF(D12=0,0,B12/D12)
A13: ='EXPORTS-2023'!A13 | B13: ='EXPORTS-2023'!B13 | C13: ='IMPORTS-2023'!B13 | D13: ='IMPORTS-2023'!C13 | E13: =B13-C13 | F13: =IF(D13=0,0,B13/D13)
A14: ='EXPORTS-2023'!A14 | B14: ='EXPORTS-2023'!B14 | C14: ='IMPORTS-2023'!B14 | D14: ='IMPORTS-2023'!C14 | E14: =B14-C14 | F14: =IF(D14=0,0,B14/D14)
A15: ='EXPORTS-2023'!A15 | B15: ='EXPORTS-2023'!B15 | C15: ='IMPORTS-2023'!B15 | D15: ='IMPORTS-2023'!C15 | E15: =B15-C15 | F15: =IF(D15=0,0,B15/D15)
... A38: ='EXPORTS-2023'!A38 | B38: ='EXPORTS-2023'!B38 | C38: ='IMPORTS-2023'!B38 | D38: ='IMPORTS-2023'!C38 | E38: =B38-C38 | F38: =IF(D38=0,0,B38/D38)
A40: TOTAL | B40: =SUM(B4:B38) | C40: =SUM(C4:C38) | D40: =SUM(D4:D38) | E40: =SUM(E4:E38) | F40: =IF(D40=0,0,B40/D40)
A43: Export dependency ratio | C43: =B40/D40

Sheet Impact
A1: Export Revenue Shock – Armenia
A3: Year | B3: Nominal GDP (bln AMD) | C3: Real GDP growth (%) | D3: Project allocation | E3: Export shock (mln AMD) | F3: Net domestic impact (mln AMD) | G3: Shock as % of GDP
A4: 2027 | B4: =WEO_Projections!B8 | C4: =WEO_Projections!C8 | D4: 0.08 | E4: =D$13*D4 | F4: =E4*(1-D$14)*D$15 | G4: =F4/(B4*1000)
A5: 2028 | B5: =WEO_Projections!B9 | C5: =WEO_Projections!C9 | D5: 0.17 | E5: =D$13*D5 | F5: =E5*(1-D$14)*D$15 | G5: =F5/(B5*1000)
A6: 2029 | B6: =WEO_Projections!B10 | C6: =WEO_Projections!C10 | D6: 0.25 | E6: =D$13*D6 | F6: =E6*(1-D$14)*D$15 | G6: =F6/(B6*1000)
A7: 2030 | B7: =WEO_Projections!B11 | C7: =WEO_Projections!C11 | D7: 0.25 | E7: =D$13*D7 | F7: =E7*(1-D$14)*D$15 | G7: =F7/(B7*1000)
A8: 2031 | B8: =WEO_Projections!B12 | C8: =WEO_Projections!C12 | D8: 0.17 | E8: =D$13*D8 | F8: =E8*(1-D$14)*D$15 | G8: =F8/(B8*1000)
A9: 2032 | B9: =WEO_Projections!B13 | C9: =WEO_Projections!C13 | D9: 0.08 | E9: =D$13*D9 | F9: =E9*(1-D$14)*D$15 | G9: =F9/(B9*1000)
A12: Assumptions
C13: Total export shock (mln AMD) | D13: =4200*D16
C14: Export dependency ratio | D14: ='Trade_Calc'!C43
C15: Supply multiplier | D15: 0.7
C16: AMD/USD exchange rate | D16: 387.5
A20: Scenario 2
A22: Year | B22: Nominal GDP (bln AMD) | C22: Real GDP growth (%) | D22: Project allocation | E22: Export shock (mln AMD) | F22: Net domestic impact (mln AMD) | G22: Shock as % of GDP
A23: 2027 | B23: =WEO_Projections!B8 | C23: =WEO_Projections!C8 | D23: 0.08 | E23: =D$31*D23 | F23: =E23*(1-D$32)*D$33 | G23: =F23/(B23*1000)
A24: 2028 | B24: =WEO_Projections!B9 | C24: =WEO_Projections!C9 | D24: 0.17 | E24: =D$31*D24 | F24: =E24*(1-D$32)*D$33 | G24: =F24/(B24*1000)
A25: 2029 | B25: =WEO_Projections!B10 | C25: =WEO_Projections!C10 | D25: 0.25 | E25: =D$31*D25 | F25: =E25*(1-D$32)*D$33 | G25: =F25/(B25*1000)
A26: 2030 | B26: =WEO_Projections!B11 | C26: =WEO_Projections!C11 | D26: 0.25 | E26: =D$31*D26 | F26: =E26*(1-D$32)*D$33 | G26: =F26/(B26*1000)
A27: 2031 | B27: =WEO_Projections!B12 | C27: =WEO_Projections!C12 | D27: 0.17 | E27: =D$31*D27 | F27: =E27*(1-D$32)*D$33 | G27: =F27/(B27*1000)
A28: 2032 | B28: =WEO_Projections!B13 | C28: =WEO_Projections!C13 | D28: 0.08 | E28: =D$31*D28 | F28: =E28*(1-D$32)*D$33 | G28: =F28/(B28*1000)
A30: Assumptions
C31: Total export shock (mln AMD) | D31: =4200*D34
C32: Export dependency ratio | D32: ='Trade_Calc'!C43
C33: Supply multiplier | D33: 0.9
C34: AMD/USD exchange rate | D34: 387.5
A39: Scenario 3
A41: Year | B41: Nominal GDP (bln AMD) | C41: Real GDP growth (%) | D41: Project allocation | E41: Export shock (mln AMD) | F41: Net domestic impact (mln AMD) | G41: Shock as % of GDP
A42: 2027 | B42: =WEO_Projections!B8 | C42: =WEO_Projections!C8 | D42: 0.08 | E42: =D$50*D42 | F42: =E42*(1-D$51)*D$52 | G42: =F42/(B42*1000)
A43: 2028 | B43: =WEO_Projections!B9 | C43: =WEO_Projections!C9 | D43: 0.17 | E43: =D$50*D43 | F43: =E43*(1-D$51)*D$52 | G43: =F43/(B43*1000)
A44: 2029 | B44: =WEO_Projections!B10 | C44: =WEO_Projections!C10 | D44: 0.25 | E44: =D$50*D44 | F44: =E44*(1-D$51)*D$52 | G44: =F44/(B44*1000)
A45: 2030 | B45: =WEO_Projections!B11 | C45: =WEO_Projections!C11 | D45: 0.25 | E45: =D$50*D45 | F45: =E45*(1-D$51)*D$52 | G45: =F45/(B45*1000)
A46: 2031 | B46: =WEO_Projections!B12 | C46: =WEO_Projections!C12 | D46: 0.17 | E46: =D$50*D46 | F46: =E46*(1-D$51)*D$52 | G46: =F46/(B46*1000)
A47: 2032 | B47: =WEO_Projections!B13 | C47: =WEO_Projections!C13 | D47: 0.08 | E47: =D$50*D47 | F47: =E47*(1-D$51)*D$52 | G47: =F47/(B47*1000)
A49: Assumptions
C50: Total export shock (mln AMD) | D50: =4200*D53
C51: Export dependency ratio | D51: 0.4
C52: Supply multiplier | D52: 0.7
C53: AMD/USD exchange rate | D53: 387.5
